"SHA256","Path"
"D2FA9F80477149339E41D94991B1C48DDA43C833F3AF443329835B69DF7634E8","net_fed.cc"
"019D18558BAA377252AE69913E382A3ABD7DED4A606A9385759790BBF1711E1E","twin_fed.py"
"A9DFDFA04E36390EA13AEDF5AE0333848AF1F41597A353FE371AE6864D9B1A3E","docker-compose.yml"
"01B436602296A4C7BD7318B29A40A23F727B1ABD6F25CAC336EBE7C2934076C4","run_experiment.ps1"
"C88B5BA9680632ECA2672F586628FDDC2970DE76D12C93108B87AE682840FD8F","factor_design.production.v3.json"
"699311768A206925065A8FD48512D7C8C9493DBC5032A770A4C09E016325C4FD","run_factor_matrix_v3.ps1"
"18911DE94DC72EF77E0C9CA1B1311D175F5DBF3FADC17A5680D23CB4E05100CF","verify_factor_extension_v3.py"
"C6D49B5330EA26CC1DE425EB976488261EB9B04DC68BFFCB95D5944B4B7203BF","install_factor_extension_v3.ps1"
"E16FAE92E1EEF7CB47087C6B44BAB1FD4C522D8A49EE527847BB1F228A3F48EC","FULL_FACTOR_MATRIX_README.md"
"2C15B73E3B46B3BED46B6FE0098E3CBCF9B4B721230BC87AAB754F2B485DE172","tests/test_factor_extension.py"
"74BD08074D2DFA0D701AD16C24B8845A94F271046CEC1C3EAE8C2FAABDEB7D93","tests/test_regressions.py"
