"Path","Length","SHA256"
"a\audit_v1.py","22383","9AC04DE7E5C66DD16F7E6C91502D6BF97C39CBF4C073ACFBF74B30E0827D883C"
"a\audit_v1_fail.log","656","9AE91903BD46992BA8626599E4C158B7C0DD54D4728C0E53BE49A8E8019EFA95"
"a\audit_v2.py","23389","9B0DCCCBD9C0F98738AE294FD7BED28C5FFFE3928A09473611D05AEC44B54BAA"
"a\audit_v2_fail.log","674","BA29E64041B7281255CF6A5030C9DE88D3188D50D979CAE6BAE444BDC9BC1871"
"a\audit_v3.py","23443","BC8DB785976B6E31F929C1516695A555E36A841D05C7814B5CB644AE7E8EA560"
"a\audit_v3_fail.log","513","B038488798CC336B702407209CA090DD7023412D1DC4BA4FC80D1B99F91F7790"
"a\audit_v4.py","23456","D53E70E826098A1B1BF35DAC3B85A1D78B08D66C330EE05055F8BAA0D9200989"
"a\audit_v4_fail.log","1838","8DA75A480DDC4BD76DCAB654AC54F74DE851732D02884640311CE541DA48EEE5"
"a\cosim.log","13220","F2C1FA96293D3808342E60849995E5D98DAB29CD7C338B411D9B351946967F20"
"a\diag_boot.json","19809","B68604BEFFB2D188F93F61CAF35D841ECA7D2A31C118F8EF0A8D80F9179632D3"
"a\diag_boot.log","16521","3DD0DF56795C6218C02EA13AD642847CA147A7B3A702A2C2CD6B157689E635EB"
"a\diag_boot.py","7665","DA25E8A3EBAF45828ABA22C244434DC678BF09A28043FAA1AA51F2206E10BC8F"
"a\diag_scale.json","2585","93CC1D13934E47CD3C265F1E8C25F8DA9F5E1DBFAF29412F5DA15EFE89529E83"
"a\diag_scale.log","2049","AEC0D53C4C166111AC6F5D0F1D0CBEBE8B83432726B13BF0E7FB4C5460B4877D"
"a\diag_scale.py","7063","DC9185F3329AF642CEBD33D1D8DD18996E7162258CCF48F8BEAC8EC98AB62FFF"
"a\outer_run.log","9768","295A0DEF6475E85B27C7C93BD5E1548FCCFFA930FEFF99C1045123FFC418C519"
"c\contract.json","1310","1F70CAC10DF2B3D3B40FBABE13C8359E0B13991C80FB5460F50D0D47FDE5EA19"
"c\restored.env","245","55A4FCB1ACB19D86CBE2DA4BCC4FE814170A14A5A637EC6CEC97D9C94195D694"
"c\runner.ps1","17245","31CC460690323100FDCC10DF7162DB0A92D615035DBC6E9319C09D1610B1DAE9"
"failure.json","3674","4352F2E3630D14FCA524E45076727AD8B3458B45195280F7FBABB19C39D6B0A8"
"i\trust.py","20980","0A2627BDAACAD03E582BB039EEB2FB3AC73D33D20B77E96881EBCEEC64AAE437"
"i\twin.py","70633","39E6729AF233032AB9C58851C9682252F02D36EED739EB2EC769E165659DA34C"
"r\cell.json","1405","2CD9A928E3E2D470261B5D9FB6EB8735C5B02AE2228FDF5CA4B7E7BF1C562D19"
"r\cell_hashes.csv","2827","3194E08DB5BD2F453A10D1A02E81028F02FDF4A38EABC6C3B9BB80BDB74CD123"
"r\net.json","631","9F067D04B9683FC11058ED30C5A0FFB044B0D007AF87FA238BBFB9A40D7A980E"
"r\oracle.json","2111","6AAEB5FABED5E95512ED0D1AAA9CA1A06847E2735D5F4CA149C1A102726659C9"
"r\power.json","1745","5A758FDF9F42FBB59E0F4AA1F0D258B84B217E7E1BC889280BDB0E355D4B2117"
"r\twin.json","4935","0C71B9B28198DC552F62F65FC5AEB7DD346D338DCEE8C5ADB3D9B18EFE336F40"
